{"base_lr": 1.9613655770513682e-06, "lr": 1.9613655770513682e-06, "data_time": 0.008247566223144532, "loss": 3.553861665725708, "decode.loss_ce": 3.553861665725708, "decode.acc_seg": 51.21898651123047, "time": 0.5840125322341919, "iter": 50, "memory": 8890, "step": 50}
{"base_lr": 3.962697798532355e-06, "lr": 3.962697798532355e-06, "data_time": 0.008297228813171386, "loss": 3.917037296295166, "decode.loss_ce": 3.917037296295166, "decode.acc_seg": 73.73048400878906, "time": 0.5843684673309326, "iter": 100, "memory": 7884, "step": 100}
{"base_lr": 5.964030020013346e-06, "lr": 5.964030020013346e-06, "data_time": 0.008252096176147462, "loss": 3.042058598995209, "decode.loss_ce": 3.042058598995209, "decode.acc_seg": 35.47332763671875, "time": 0.5830673694610595, "iter": 150, "memory": 7884, "step": 150}
{"base_lr": 7.965362241494336e-06, "lr": 7.965362241494336e-06, "data_time": 0.008502316474914551, "loss": 3.1286088109016417, "decode.loss_ce": 3.1286088109016417, "decode.acc_seg": 52.225250244140625, "time": 0.5841409683227539, "iter": 200, "memory": 7884, "step": 200}
{"base_lr": 9.96669446297533e-06, "lr": 9.96669446297533e-06, "data_time": 0.00814666748046875, "loss": 2.2529879450798034, "decode.loss_ce": 2.2529879450798034, "decode.acc_seg": 68.91509246826172, "time": 0.581970500946045, "iter": 250, "memory": 7884, "step": 250}
{"base_lr": 1.1968026684456319e-05, "lr": 1.1968026684456319e-05, "data_time": 0.008442187309265136, "loss": 3.0497111439704896, "decode.loss_ce": 3.0497111439704896, "decode.acc_seg": 25.89621925354004, "time": 0.5872250080108643, "iter": 300, "memory": 7884, "step": 300}
{"base_lr": 1.3969358905937323e-05, "lr": 1.3969358905937323e-05, "data_time": 0.008280801773071288, "loss": 2.267906928062439, "decode.loss_ce": 2.267906928062439, "decode.acc_seg": 57.6898078918457, "time": 0.5912247896194458, "iter": 350, "memory": 7884, "step": 350}
