{"base_lr": 1.9613655770513682e-06, "lr": 1.9613655770513682e-06, "data_time": 0.007408595085144043, "loss": 1.9013355910778045, "decode.loss_ce": 1.9013355910778045, "decode.acc_seg": 10.103591918945312, "time": 0.299381160736084, "iter": 50, "memory": 9660, "step": 50}
{"aAcc": 15.42, "mIoU": 5.19, "mAcc": 10.47, "mFscore": 10.46, "mPrecision": 11.85, "mRecall": 10.47, "data_time": 0.006183749247967926, "time": 0.03409323605755273, "step": 50}
