{"base_lr": 1.9613655770513682e-06, "lr": 1.9613655770513682e-06, "data_time": 0.007843804359436036, "loss": 3.910439920425415, "decode.loss_ce": 3.910439920425415, "decode.acc_seg": 36.24251174926758, "time": 0.5723963737487793, "iter": 50, "memory": 8859, "step": 50}
