{"base_lr": 1.9613655770513682e-06, "lr": 1.9613655770513682e-06, "data_time": 0.007404780387878418, "loss": 2.2141925573348997, "decode.loss_ce": 2.2141925573348997, "decode.acc_seg": 20.922279357910156, "time": 1.4398235559463501, "iter": 50, "memory": 9817, "step": 50}
{"base_lr": 3.962697798532355e-06, "lr": 3.962697798532355e-06, "data_time": 0.007885432243347168, "loss": 2.044068253040314, "decode.loss_ce": 2.044068253040314, "decode.acc_seg": 44.04471969604492, "time": 1.4610191345214845, "iter": 100, "memory": 9817, "step": 100}
{"base_lr": 5.964030020013346e-06, "lr": 5.964030020013346e-06, "data_time": 0.007547402381896972, "loss": 1.8449232220649718, "decode.loss_ce": 1.8449232220649718, "decode.acc_seg": 19.012069702148438, "time": 1.4401376485824584, "iter": 150, "memory": 9817, "step": 150}
{"base_lr": 7.965362241494336e-06, "lr": 7.965362241494336e-06, "data_time": 0.0074576854705810545, "loss": 1.9319770336151123, "decode.loss_ce": 1.9319770336151123, "decode.acc_seg": 43.52226257324219, "time": 1.439875030517578, "iter": 200, "memory": 9817, "step": 200}
{"base_lr": 9.96669446297533e-06, "lr": 9.96669446297533e-06, "data_time": 0.0077910184860229496, "loss": 1.6921333074569702, "decode.loss_ce": 1.6921333074569702, "decode.acc_seg": 1.4091823101043701, "time": 1.449371075630188, "iter": 250, "memory": 9817, "step": 250}
{"base_lr": 1.1968026684456319e-05, "lr": 1.1968026684456319e-05, "data_time": 0.0076157569885253905, "loss": 1.5858158588409423, "decode.loss_ce": 1.5858158588409423, "decode.acc_seg": 67.09877014160156, "time": 1.446079158782959, "iter": 300, "memory": 9817, "step": 300}
{"base_lr": 1.3969358905937323e-05, "lr": 1.3969358905937323e-05, "data_time": 0.007242822647094726, "loss": 1.4105758905410766, "decode.loss_ce": 1.4105758905410766, "decode.acc_seg": 74.5689926147461, "time": 1.4431148767471313, "iter": 350, "memory": 9817, "step": 350}
