{"base_lr": 1.9613655770513682e-06, "lr": 1.9613655770513682e-06, "data_time": 0.007834315299987793, "loss": 4.317055249214173, "decode.loss_ce": 4.317055249214173, "decode.acc_seg": 31.60530662536621, "time": 0.45700860023498535, "iter": 50, "memory": 9203, "step": 50}
{"aAcc": 11.44, "mIoU": 5.07, "mAcc": 12.66, "mFscore": 9.62, "mPrecision": 14.09, "mRecall": 12.66, "data_time": 0.0061488854903136, "time": 0.057970589660840746, "step": 50}
{"base_lr": 3.962697798532355e-06, "lr": 3.962697798532355e-06, "data_time": 0.00787656307220459, "loss": 3.642825651168823, "decode.loss_ce": 3.642825651168823, "decode.acc_seg": 20.39985466003418, "time": 0.44828152656555176, "iter": 100, "memory": 7212, "step": 100}
