{"base_lr": 1.9613655770513682e-06, "lr": 1.9613655770513682e-06, "data_time": 0.007621479034423828, "loss": 2.0563519477844237, "decode.loss_ce": 2.0563519477844237, "decode.acc_seg": 65.65196228027344, "time": 0.46837007999420166, "iter": 50, "memory": 9205, "step": 50}
{"base_lr": 3.962697798532355e-06, "lr": 3.962697798532355e-06, "data_time": 0.007785296440124512, "loss": 1.8994708776473999, "decode.loss_ce": 1.8994708776473999, "decode.acc_seg": 53.65691375732422, "time": 0.47098312377929685, "iter": 100, "memory": 7244, "step": 100}
{"base_lr": 5.964030020013346e-06, "lr": 5.964030020013346e-06, "data_time": 0.007617044448852539, "loss": 1.7909478068351745, "decode.loss_ce": 1.7909478068351745, "decode.acc_seg": 47.527122497558594, "time": 0.47033402919769285, "iter": 150, "memory": 7244, "step": 150}
{"base_lr": 7.965362241494336e-06, "lr": 7.965362241494336e-06, "data_time": 0.007754397392272949, "loss": 1.6792635142803192, "decode.loss_ce": 1.6792635142803192, "decode.acc_seg": 47.04933166503906, "time": 0.47078714370727537, "iter": 200, "memory": 7244, "step": 200}
{"aAcc": 1.43, "mIoU": 0.29, "mAcc": 0.39, "mFscore": 1.85, "mPrecision": 7.63, "mRecall": 0.39, "data_time": 0.006129078893906771, "time": 0.05771213454305675, "step": 200}
{"base_lr": 9.96669446297533e-06, "lr": 9.96669446297533e-06, "data_time": 0.00786900520324707, "loss": 1.7161784291267395, "decode.loss_ce": 1.7161784291267395, "decode.acc_seg": 49.73011016845703, "time": 0.4725520133972168, "iter": 250, "memory": 7241, "step": 250}
{"base_lr": 1.1968026684456319e-05, "lr": 1.1968026684456319e-05, "data_time": 0.007913827896118164, "loss": 1.4243350803852082, "decode.loss_ce": 1.4243350803852082, "decode.acc_seg": 28.47956085205078, "time": 0.46544475555419923, "iter": 300, "memory": 7241, "step": 300}
{"base_lr": 1.3969358905937323e-05, "lr": 1.3969358905937323e-05, "data_time": 0.008087587356567384, "loss": 1.5500418424606324, "decode.loss_ce": 1.5500418424606324, "decode.acc_seg": 47.348209381103516, "time": 0.47035508155822753, "iter": 350, "memory": 7241, "step": 350}
{"base_lr": 1.597069112741831e-05, "lr": 1.597069112741831e-05, "data_time": 0.007927632331848145, "loss": 1.5313254475593567, "decode.loss_ce": 1.5313254475593567, "decode.acc_seg": 38.880157470703125, "time": 0.4713036298751831, "iter": 400, "memory": 7241, "step": 400}
