{"base_lr": 1.9613655770513682e-06, "lr": 1.9613655770513682e-06, "data_time": 0.019687080383300783, "loss": 4.136854887008667, "decode.loss_ce": 4.136854887008667, "decode.acc_seg": 21.03137969970703, "time": 0.5067870378494262, "iter": 50, "memory": 9203, "step": 50}
{"base_lr": 3.962697798532355e-06, "lr": 3.962697798532355e-06, "data_time": 0.020284104347229003, "loss": 3.733770179748535, "decode.loss_ce": 3.733770179748535, "decode.acc_seg": 53.0561637878418, "time": 0.5137453556060791, "iter": 100, "memory": 7216, "step": 100}
