{"base_lr": 1.9613655770513682e-06, "lr": 1.9613655770513682e-06, "data_time": 0.007947444915771484, "loss": 2.0233829975128175, "decode.loss_ce": 2.0233829975128175, "decode.acc_seg": 11.873991012573242, "time": 0.45585834980010986, "iter": 50, "memory": 7340, "step": 50}
{"aAcc": 29.71, "mIoU": 12.62, "mAcc": 20.28, "mFscore": 19.88, "mPrecision": 26.38, "mRecall": 20.28, "data_time": 0.006317874126463181, "time": 0.04856340841879102, "step": 50}
