{"base_lr": 1.9613655770513682e-06, "lr": 1.9613655770513682e-06, "data_time": 0.00781562328338623, "loss": 3.867303204536438, "decode.loss_ce": 3.867303204536438, "decode.acc_seg": 72.819091796875, "time": 0.4551509141921997, "iter": 50, "memory": 9192, "step": 50}
