{"base_lr": 1.9613655770513682e-06, "lr": 1.9613655770513682e-06, "data_time": 0.007917356491088868, "loss": 1.6879483938217164, "decode.loss_ce": 1.6879483938217164, "decode.acc_seg": 13.031768798828125, "time": 0.4601572036743164, "iter": 50, "memory": 9206, "step": 50}
{"base_lr": 3.962697798532355e-06, "lr": 3.962697798532355e-06, "data_time": 0.007807326316833496, "loss": 1.3986504316329955, "decode.loss_ce": 1.3986504316329955, "decode.acc_seg": 81.08941650390625, "time": 0.46800951957702636, "iter": 100, "memory": 7236, "step": 100}
{"base_lr": 5.964030020013346e-06, "lr": 5.964030020013346e-06, "data_time": 0.00771174430847168, "loss": 1.2978269934654236, "decode.loss_ce": 1.2978269934654236, "decode.acc_seg": 61.190223693847656, "time": 0.4621201753616333, "iter": 150, "memory": 7236, "step": 150}
{"base_lr": 7.965362241494336e-06, "lr": 7.965362241494336e-06, "data_time": 0.0078058958053588865, "loss": 1.291806161403656, "decode.loss_ce": 1.291806161403656, "decode.acc_seg": 38.713035583496094, "time": 0.4702997446060181, "iter": 200, "memory": 7236, "step": 200}
{"aAcc": 40.22, "mIoU": 4.14, "mAcc": 11.11, "mFscore": 9.87, "mPrecision": 8.96, "mRecall": 11.11, "data_time": 0.006250113113564911, "time": 0.05791127068552776, "step": 200}
{"base_lr": 9.96669446297533e-06, "lr": 9.96669446297533e-06, "data_time": 0.00850362777709961, "loss": 1.3741032123565673, "decode.loss_ce": 1.3741032123565673, "decode.acc_seg": 32.16552734375, "time": 0.4884655475616455, "iter": 250, "memory": 7237, "step": 250}
