{"base_lr": 1.9613655770513682e-06, "lr": 1.9613655770513682e-06, "data_time": 0.007991981506347657, "loss": 2.125878655910492, "decode.loss_ce": 2.125878655910492, "decode.acc_seg": 38.92078399658203, "time": 0.46427130699157715, "iter": 50, "memory": 9205, "step": 50}
{"base_lr": 3.962697798532355e-06, "lr": 3.962697798532355e-06, "data_time": 0.007773160934448242, "loss": 1.9511823534965516, "decode.loss_ce": 1.9511823534965516, "decode.acc_seg": 61.45515441894531, "time": 0.4679669141769409, "iter": 100, "memory": 7240, "step": 100}
{"base_lr": 5.964030020013346e-06, "lr": 5.964030020013346e-06, "data_time": 0.007851862907409668, "loss": 1.9923978209495545, "decode.loss_ce": 1.9923978209495545, "decode.acc_seg": 47.25396728515625, "time": 0.46204180717468263, "iter": 150, "memory": 7240, "step": 150}
{"base_lr": 7.965362241494336e-06, "lr": 7.965362241494336e-06, "data_time": 0.007420182228088379, "loss": 1.6797412753105163, "decode.loss_ce": 1.6797412753105163, "decode.acc_seg": 35.66214370727539, "time": 0.46134042739868164, "iter": 200, "memory": 7240, "step": 200}
{"base_lr": 9.96669446297533e-06, "lr": 9.96669446297533e-06, "data_time": 0.007740235328674317, "loss": 1.630372989177704, "decode.loss_ce": 1.630372989177704, "decode.acc_seg": 51.61895751953125, "time": 0.4665284872055054, "iter": 250, "memory": 7240, "step": 250}
{"base_lr": 1.1968026684456319e-05, "lr": 1.1968026684456319e-05, "data_time": 0.007776498794555664, "loss": 1.5004643440246581, "decode.loss_ce": 1.5004643440246581, "decode.acc_seg": 36.68739318847656, "time": 0.46248154640197753, "iter": 300, "memory": 7240, "step": 300}
{"base_lr": 1.3969358905937323e-05, "lr": 1.3969358905937323e-05, "data_time": 0.007529783248901367, "loss": 1.5267802238464356, "decode.loss_ce": 1.5267802238464356, "decode.acc_seg": 62.1898307800293, "time": 0.46514053344726564, "iter": 350, "memory": 7240, "step": 350}
{"base_lr": 1.597069112741831e-05, "lr": 1.597069112741831e-05, "data_time": 0.007698416709899902, "loss": 1.5142943441867829, "decode.loss_ce": 1.5142943441867829, "decode.acc_seg": 89.53643035888672, "time": 0.471333384513855, "iter": 400, "memory": 7240, "step": 400}
{"base_lr": 1.797202334889931e-05, "lr": 1.797202334889931e-05, "data_time": 0.007716059684753418, "loss": 1.2313000768423081, "decode.loss_ce": 1.2313000768423081, "decode.acc_seg": 32.051265716552734, "time": 0.46690475940704346, "iter": 450, "memory": 7240, "step": 450}
