{"base_lr": 1.9613655770513682e-06, "lr": 1.9613655770513682e-06, "data_time": 0.019526052474975585, "loss": 3.7106310725212097, "decode.loss_ce": 3.7106310725212097, "decode.acc_seg": 1.116180419921875, "time": 0.5017155647277832, "iter": 50, "memory": 9193, "step": 50}
