{"base_lr": 1.9613655770513682e-06, "lr": 1.9613655770513682e-06, "data_time": 0.007781720161437989, "loss": 3.731437063217163, "decode.loss_ce": 3.731437063217163, "decode.acc_seg": 15.412139892578125, "time": 0.5791172742843628, "iter": 50, "memory": 8888, "step": 50}
{"aAcc": 7.22, "mIoU": 3.2, "mAcc": 9.05, "mFscore": 6.08, "mPrecision": 7.87, "mRecall": 9.05, "data_time": 0.006163546790153284, "time": 0.07156016065565793, "step": 50}
{"base_lr": 3.962697798532355e-06, "lr": 3.962697798532355e-06, "data_time": 0.007791256904602051, "loss": 3.4795818090438844, "decode.loss_ce": 3.4795818090438844, "decode.acc_seg": 25.4180908203125, "time": 0.5854904174804687, "iter": 100, "memory": 7886, "step": 100}
{"aAcc": 16.85, "mIoU": 3.64, "mAcc": 7.67, "mFscore": 6.52, "mPrecision": 7.79, "mRecall": 7.67, "data_time": 0.0007450036361013861, "time": 0.06714557484073884, "step": 100}
{"base_lr": 5.964030020013346e-06, "lr": 5.964030020013346e-06, "data_time": 0.008156776428222656, "loss": 3.030125379562378, "decode.loss_ce": 3.030125379562378, "decode.acc_seg": 60.184288024902344, "time": 0.5838609933853149, "iter": 150, "memory": 7886, "step": 150}
{"aAcc": 20.04, "mIoU": 4.44, "mAcc": 8.92, "mFscore": 8.85, "mPrecision": 10.65, "mRecall": 8.92, "data_time": 0.0007217359290551887, "time": 0.06651957090929973, "step": 150}
{"base_lr": 7.965362241494336e-06, "lr": 7.965362241494336e-06, "data_time": 0.007863616943359375, "loss": 3.0711241126060487, "decode.loss_ce": 3.0711241126060487, "decode.acc_seg": 56.476593017578125, "time": 0.581549859046936, "iter": 200, "memory": 7886, "step": 200}
{"aAcc": 37.61, "mIoU": 4.2, "mAcc": 10.03, "mFscore": 10.44, "mPrecision": 11.49, "mRecall": 10.03, "data_time": 0.0007302043839827327, "time": 0.06656399137218703, "step": 200}
{"base_lr": 9.96669446297533e-06, "lr": 9.96669446297533e-06, "data_time": 0.008063864707946778, "loss": 3.2131186604499815, "decode.loss_ce": 3.2131186604499815, "decode.acc_seg": 35.23445129394531, "time": 0.5914705991744995, "iter": 250, "memory": 7886, "step": 250}
{"aAcc": 38.64, "mIoU": 4.27, "mAcc": 10.31, "mFscore": 12.72, "mPrecision": 20.55, "mRecall": 10.31, "data_time": 0.0007468059219740956, "time": 0.06773047112012937, "step": 250}
{"base_lr": 1.1968026684456319e-05, "lr": 1.1968026684456319e-05, "data_time": 0.008002591133117676, "loss": 2.610892629623413, "decode.loss_ce": 2.610892629623413, "decode.acc_seg": 51.63402557373047, "time": 0.5810671806335449, "iter": 300, "memory": 7886, "step": 300}
