{"base_lr": 1.9613655770513682e-06, "lr": 1.9613655770513682e-06, "data_time": 0.007276010513305664, "loss": 1.947660231590271, "decode.loss_ce": 1.947660231590271, "decode.acc_seg": 51.49702453613281, "time": 0.4708918333053589, "iter": 50, "memory": 9507, "step": 50}
{"aAcc": 41.13, "mIoU": 10.56, "mAcc": 21.45, "mFscore": 18.97, "mPrecision": 21.38, "mRecall": 21.45, "data_time": 0.006217753472378683, "time": 0.06000522513973911, "step": 50}
{"base_lr": 3.962697798532355e-06, "lr": 3.962697798532355e-06, "data_time": 0.00718221664428711, "loss": 1.8272718429565429, "decode.loss_ce": 1.8272718429565429, "decode.acc_seg": 60.04338455200195, "time": 0.46763763427734373, "iter": 100, "memory": 8042, "step": 100}
