{"base_lr": 1.9613655770513682e-06, "lr": 1.9613655770513682e-06, "data_time": 0.019500350952148436, "loss": 3.96693959236145, "decode.loss_ce": 3.96693959236145, "decode.acc_seg": 36.23338317871094, "time": 0.5050816535949707, "iter": 50, "memory": 9194, "step": 50}
