{"base_lr": 1.9613655770513682e-06, "lr": 1.9613655770513682e-06, "data_time": 0.008668875694274903, "loss": 2.007535934448242, "decode.loss_ce": 2.007535934448242, "decode.acc_seg": 50.66032409667969, "time": 0.4903532028198242, "iter": 50, "memory": 9206, "step": 50}
{"base_lr": 3.962697798532355e-06, "lr": 3.962697798532355e-06, "data_time": 0.00793757438659668, "loss": 1.8400644659996033, "decode.loss_ce": 1.8400644659996033, "decode.acc_seg": 15.704585075378418, "time": 0.46814351081848143, "iter": 100, "memory": 7239, "step": 100}
{"base_lr": 5.964030020013346e-06, "lr": 5.964030020013346e-06, "data_time": 0.007670140266418457, "loss": 1.8000398516654967, "decode.loss_ce": 1.8000398516654967, "decode.acc_seg": 80.4159164428711, "time": 0.4640695095062256, "iter": 150, "memory": 7239, "step": 150}
{"base_lr": 7.965362241494336e-06, "lr": 7.965362241494336e-06, "data_time": 0.007526683807373047, "loss": 1.7015704035758972, "decode.loss_ce": 1.7015704035758972, "decode.acc_seg": 39.455604553222656, "time": 0.4671569108963013, "iter": 200, "memory": 7239, "step": 200}
{"aAcc": 55.63, "mIoU": 16.43, "mAcc": 32.62, "mFscore": 32.43, "mPrecision": 39.18, "mRecall": 32.62, "data_time": 0.006124997283254557, "time": 0.057676560399030956, "step": 200}
{"base_lr": 9.96669446297533e-06, "lr": 9.96669446297533e-06, "data_time": 0.007674360275268554, "loss": 1.4797014057636262, "decode.loss_ce": 1.4797014057636262, "decode.acc_seg": 61.6190299987793, "time": 0.4653726577758789, "iter": 250, "memory": 7240, "step": 250}
{"base_lr": 1.1968026684456319e-05, "lr": 1.1968026684456319e-05, "data_time": 0.0076329708099365234, "loss": 1.47104651927948, "decode.loss_ce": 1.47104651927948, "decode.acc_seg": 49.26216125488281, "time": 0.46777753829956054, "iter": 300, "memory": 7240, "step": 300}
{"base_lr": 1.3969358905937323e-05, "lr": 1.3969358905937323e-05, "data_time": 0.00760347843170166, "loss": 1.3557417690753937, "decode.loss_ce": 1.3557417690753937, "decode.acc_seg": 37.84687042236328, "time": 0.4656736612319946, "iter": 350, "memory": 7240, "step": 350}
{"base_lr": 1.597069112741831e-05, "lr": 1.597069112741831e-05, "data_time": 0.007661056518554687, "loss": 1.2712721526622772, "decode.loss_ce": 1.2712721526622772, "decode.acc_seg": 57.12881851196289, "time": 0.4677361249923706, "iter": 400, "memory": 7240, "step": 400}
{"aAcc": 61.38, "mIoU": 23.45, "mAcc": 40.59, "mFscore": 45.85, "mPrecision": 41.9, "mRecall": 40.59, "data_time": 0.0006877905657502258, "time": 0.05184844489901334, "step": 400}
