{"base_lr": 1.9613655770513682e-06, "lr": 1.9613655770513682e-06, "data_time": 0.0070765972137451175, "loss": 2.0174810767173765, "decode.loss_ce": 2.0174810767173765, "decode.acc_seg": 27.21405029296875, "time": 0.3000446319580078, "iter": 50, "memory": 9472, "step": 50}
{"aAcc": 28.25, "mIoU": 6.69, "mAcc": 14.58, "mFscore": 12.12, "mPrecision": 13.67, "mRecall": 14.58, "data_time": 0.0060989376997262375, "time": 0.03323248529217788, "step": 50}
