{"base_lr": 1.9613655770513682e-06, "lr": 1.9613655770513682e-06, "data_time": 0.007878470420837402, "loss": 2.1058468341827394, "decode.loss_ce": 2.1058468341827394, "decode.acc_seg": 39.07318115234375, "time": 0.4202502012252808, "iter": 50, "memory": 8377, "step": 50}
{"base_lr": 3.962697798532355e-06, "lr": 3.962697798532355e-06, "data_time": 0.007774949073791504, "loss": 1.6121272325515748, "decode.loss_ce": 1.6121272325515748, "decode.acc_seg": 37.247657775878906, "time": 0.41985676288604734, "iter": 100, "memory": 6208, "step": 100}
{"base_lr": 5.964030020013346e-06, "lr": 5.964030020013346e-06, "data_time": 0.007895588874816895, "loss": 1.6941977381706237, "decode.loss_ce": 1.6941977381706237, "decode.acc_seg": 43.895912170410156, "time": 0.4203209638595581, "iter": 150, "memory": 6208, "step": 150}
{"base_lr": 7.965362241494336e-06, "lr": 7.965362241494336e-06, "data_time": 0.007927322387695312, "loss": 1.6811572432518005, "decode.loss_ce": 1.6811572432518005, "decode.acc_seg": 40.168067932128906, "time": 0.42012221813201905, "iter": 200, "memory": 6208, "step": 200}
{"base_lr": 9.96669446297533e-06, "lr": 9.96669446297533e-06, "data_time": 0.007677340507507324, "loss": 1.5174731969833375, "decode.loss_ce": 1.5174731969833375, "decode.acc_seg": 28.868675231933594, "time": 0.4218306541442871, "iter": 250, "memory": 6208, "step": 250}
{"base_lr": 1.1968026684456319e-05, "lr": 1.1968026684456319e-05, "data_time": 0.007875871658325196, "loss": 1.623662042617798, "decode.loss_ce": 1.623662042617798, "decode.acc_seg": 30.868148803710938, "time": 0.4215221405029297, "iter": 300, "memory": 6208, "step": 300}
{"base_lr": 1.3969358905937323e-05, "lr": 1.3969358905937323e-05, "data_time": 0.007901573181152343, "loss": 1.3658704578876495, "decode.loss_ce": 1.3658704578876495, "decode.acc_seg": 31.145095825195312, "time": 0.42186770439147947, "iter": 350, "memory": 6208, "step": 350}
{"base_lr": 1.597069112741831e-05, "lr": 1.597069112741831e-05, "data_time": 0.007775068283081055, "loss": 1.3343286752700805, "decode.loss_ce": 1.3343286752700805, "decode.acc_seg": 50.308990478515625, "time": 0.4259666919708252, "iter": 400, "memory": 6208, "step": 400}
{"base_lr": 1.797202334889931e-05, "lr": 1.797202334889931e-05, "data_time": 0.007775807380676269, "loss": 1.2636067032814027, "decode.loss_ce": 1.2636067032814027, "decode.acc_seg": 46.910457611083984, "time": 0.4196932792663574, "iter": 450, "memory": 6208, "step": 450}
{"base_lr": 1.9973355570380306e-05, "lr": 1.9973355570380306e-05, "data_time": 0.00767509937286377, "loss": 0.9673019289970398, "decode.loss_ce": 0.9673019289970398, "decode.acc_seg": 88.62077331542969, "time": 0.42219855785369875, "iter": 500, "memory": 6208, "step": 500}
{"base_lr": 2.1974687791861306e-05, "lr": 2.1974687791861306e-05, "data_time": 0.007774567604064942, "loss": 1.210574784874916, "decode.loss_ce": 1.210574784874916, "decode.acc_seg": 35.395843505859375, "time": 0.4198451519012451, "iter": 550, "memory": 6208, "step": 550}
{"base_lr": 2.3976020013342307e-05, "lr": 2.3976020013342307e-05, "data_time": 0.007775163650512696, "loss": 1.1279094159603118, "decode.loss_ce": 1.1279094159603118, "decode.acc_seg": 69.35216522216797, "time": 0.42008471488952637, "iter": 600, "memory": 6208, "step": 600}
{"base_lr": 2.597735223482329e-05, "lr": 2.597735223482329e-05, "data_time": 0.007874774932861327, "loss": 1.2718618899583816, "decode.loss_ce": 1.2718618899583816, "decode.acc_seg": 42.54188537597656, "time": 0.42481050491333006, "iter": 650, "memory": 6208, "step": 650}
{"base_lr": 2.797868445630428e-05, "lr": 2.797868445630428e-05, "data_time": 0.007798910140991211, "loss": 1.21624898314476, "decode.loss_ce": 1.21624898314476, "decode.acc_seg": 52.55205535888672, "time": 0.4199460506439209, "iter": 700, "memory": 6208, "step": 700}
{"base_lr": 2.99800166777853e-05, "lr": 2.99800166777853e-05, "data_time": 0.007778072357177734, "loss": 0.9547150790691376, "decode.loss_ce": 0.9547150790691376, "decode.acc_seg": 94.45056915283203, "time": 0.4199390172958374, "iter": 750, "memory": 6208, "step": 750}
{"base_lr": 3.1981348899266314e-05, "lr": 3.1981348899266314e-05, "data_time": 0.007874393463134765, "loss": 1.260747927427292, "decode.loss_ce": 1.260747927427292, "decode.acc_seg": 39.812339782714844, "time": 0.419853949546814, "iter": 800, "memory": 6208, "step": 800}
{"base_lr": 3.398268112074729e-05, "lr": 3.398268112074729e-05, "data_time": 0.007643938064575195, "loss": 1.299687433242798, "decode.loss_ce": 1.299687433242798, "decode.acc_seg": 44.762229919433594, "time": 0.4202177286148071, "iter": 850, "memory": 6208, "step": 850}
{"base_lr": 3.5984013342228235e-05, "lr": 3.5984013342228235e-05, "data_time": 0.0077753782272338865, "loss": 1.0921901643276215, "decode.loss_ce": 1.0921901643276215, "decode.acc_seg": 84.2462158203125, "time": 0.41999456882476804, "iter": 900, "memory": 6208, "step": 900}
{"base_lr": 3.7985345563709256e-05, "lr": 3.7985345563709256e-05, "data_time": 0.007875704765319824, "loss": 1.260910940170288, "decode.loss_ce": 1.260910940170288, "decode.acc_seg": 58.471107482910156, "time": 0.4200800895690918, "iter": 950, "memory": 6208, "step": 950}
{"base_lr": 3.998667778519025e-05, "lr": 3.998667778519025e-05, "data_time": 0.007874727249145508, "loss": 1.2333492696285249, "decode.loss_ce": 1.2333492696285249, "decode.acc_seg": 69.31476593017578, "time": 0.42328677177429197, "iter": 1000, "memory": 6208, "step": 1000}
{"base_lr": 4.198801000667124e-05, "lr": 4.198801000667124e-05, "data_time": 0.007873868942260743, "loss": 1.0888465881347655, "decode.loss_ce": 1.0888465881347655, "decode.acc_seg": 81.46104431152344, "time": 0.41601746082305907, "iter": 1050, "memory": 6208, "step": 1050}
{"base_lr": 4.398934222815225e-05, "lr": 4.398934222815225e-05, "data_time": 0.007775139808654785, "loss": 1.063921332359314, "decode.loss_ce": 1.063921332359314, "decode.acc_seg": 51.40715026855469, "time": 0.419974684715271, "iter": 1100, "memory": 6208, "step": 1100}
{"base_lr": 4.599067444963324e-05, "lr": 4.599067444963324e-05, "data_time": 0.007575082778930664, "loss": 0.9428484082221985, "decode.loss_ce": 0.9428484082221985, "decode.acc_seg": 73.54602813720703, "time": 0.4203182697296143, "iter": 1150, "memory": 6208, "step": 1150}
{"base_lr": 4.7992006671114227e-05, "lr": 4.7992006671114227e-05, "data_time": 0.007674622535705567, "loss": 0.9767517983913422, "decode.loss_ce": 0.9767517983913422, "decode.acc_seg": 62.87708282470703, "time": 0.42294678688049314, "iter": 1200, "memory": 6208, "step": 1200}
{"base_lr": 4.999333889259521e-05, "lr": 4.999333889259521e-05, "data_time": 0.007725238800048828, "loss": 1.1346923500299453, "decode.loss_ce": 1.1346923500299453, "decode.acc_seg": 80.61138916015625, "time": 0.42477898597717284, "iter": 1250, "memory": 6208, "step": 1250}
{"base_lr": 5.199467111407618e-05, "lr": 5.199467111407618e-05, "data_time": 0.007676029205322265, "loss": 0.8480779618024826, "decode.loss_ce": 0.8480779618024826, "decode.acc_seg": 61.55345153808594, "time": 0.4197769403457642, "iter": 1300, "memory": 6208, "step": 1300}
{"base_lr": 5.399600333555716e-05, "lr": 5.399600333555716e-05, "data_time": 0.007675290107727051, "loss": 0.9905772790312767, "decode.loss_ce": 0.9905772790312767, "decode.acc_seg": 81.01482391357422, "time": 0.42025318145751955, "iter": 1350, "memory": 6208, "step": 1350}
{"base_lr": 5.599733555703817e-05, "lr": 5.599733555703817e-05, "data_time": 0.0077019214630126955, "loss": 0.9886368945240974, "decode.loss_ce": 0.9886368945240974, "decode.acc_seg": 59.22824478149414, "time": 0.44928545951843263, "iter": 1400, "memory": 6208, "step": 1400}
{"base_lr": 5.799866777851912e-05, "lr": 5.799866777851912e-05, "data_time": 0.007775402069091797, "loss": 1.2210039377212525, "decode.loss_ce": 1.2210039377212525, "decode.acc_seg": 75.59862518310547, "time": 0.41828150749206544, "iter": 1450, "memory": 6208, "step": 1450}
{"base_lr": 6.000000000000008e-05, "lr": 6.000000000000008e-05,