{"base_lr": 1.9613655770513682e-06, "lr": 1.9613655770513682e-06, "data_time": 0.007818388938903808, "loss": 1.923069018125534, "decode.loss_ce": 1.923069018125534, "decode.acc_seg": 11.183423042297363, "time": 0.4552345037460327, "iter": 50, "memory": 7336, "step": 50}
{"aAcc": 33.39, "mIoU": 15.0, "mAcc": 24.24, "mFscore": 21.27, "mPrecision": 27.6, "mRecall": 24.24, "data_time": 0.006391593980717046, "time": 0.04981646252832687, "step": 50}
{"base_lr": 3.962697798532355e-06, "lr": 3.962697798532355e-06, "data_time": 0.007753920555114746, "loss": 1.892460322380066, "decode.loss_ce": 1.892460322380066, "decode.acc_seg": 56.34937286376953, "time": 0.45641345977783204, "iter": 100, "memory": 6763, "step": 100}
{"aAcc": 52.13, "mIoU": 21.12, "mAcc": 31.18, "mFscore": 27.88, "mPrecision": 36.72, "mRecall": 31.18, "data_time": 0.0006972307160507975, "time": 0.043252546861148294, "step": 100}
{"base_lr": 5.964030020013346e-06, "lr": 5.964030020013346e-06, "data_time": 0.008177495002746582, "loss": 1.7737041592597962, "decode.loss_ce": 1.7737041592597962, "decode.acc_seg": 30.50248908996582, "time": 0.4627772092819214, "iter": 150, "memory": 6763, "step": 150}
{"aAcc": 54.38, "mIoU": 23.48, "mAcc": 33.71, "mFscore": 37.15, "mPrecision": 51.19, "mRecall": 33.71, "data_time": 0.0008034450216718632, "time": 0.04601216802791673, "step": 150}
{"base_lr": 7.965362241494336e-06, "lr": 7.965362241494336e-06, "data_time": 0.007917094230651855, "loss": 1.6517946541309356, "decode.loss_ce": 1.6517946541309356, "decode.acc_seg": 40.68528366088867, "time": 0.44982094764709474, "iter": 200, "memory": 6763, "step": 200}
{"aAcc": 55.57, "mIoU": 23.43, "mAcc": 34.29, "mFscore": 37.08, "mPrecision": 54.45, "mRecall": 34.29, "data_time": 0.0007337761574051007, "time": 0.043894530423914765, "step": 200}
{"base_lr": 9.96669446297533e-06, "lr": 9.96669446297533e-06, "data_time": 0.007699203491210937, "loss": 1.3867058396339416, "decode.loss_ce": 1.3867058396339416, "decode.acc_seg": 64.77976989746094, "time": 0.4525412321090698, "iter": 250, "memory": 6763, "step": 250}
{"aAcc": 56.6, "mIoU": 24.81, "mAcc": 36.83, "mFscore": 44.24, "mPrecision": 56.13, "mRecall": 36.83, "data_time": 0.0007165494689595402, "time": 0.04372151206139804, "step": 250}
{"base_lr": 1.1968026684456319e-05, "lr": 1.1968026684456319e-05, "data_time": 0.00811009407043457, "loss": 1.4518952131271363, "decode.loss_ce": 1.4518952131271363, "decode.acc_seg": 79.66313934326172, "time": 0.454761004447937, "iter": 300, "memory": 6763, "step": 300}
{"aAcc": 58.46, "mIoU": 26.51, "mAcc": 37.91, "mFscore": 41.19, "mPrecision": 56.03, "mRecall": 37.91, "data_time": 0.0007264331174635653, "time": 0.04320474204382749, "step": 300}
{"base_lr": 1.3969358905937323e-05, "lr": 1.3969358905937323e-05, "data_time": 0.008376455307006836, "loss": 1.4389057397842406, "decode.loss_ce": 1.4389057397842406, "decode.acc_seg": 53.52592468261719, "time": 0.47361414432525634, "iter": 350, "memory": 6763, "step": 350}
{"aAcc": 59.87, "mIoU": 27.29, "mAcc": 38.64, "mFscore": 43.48, "mPrecision": 56.35, "mRecall": 38.64, "data_time": 0.0007394792811940857, "time": 0.0441899166265763, "step": 350}
