{"base_lr": 1.9613655770513682e-06, "lr": 1.9613655770513682e-06, "data_time": 0.007967138290405273, "loss": 1.57646187543869, "decode.loss_ce": 1.57646187543869, "decode.acc_seg": 19.70391845703125, "time": 0.4650226354598999, "iter": 50, "memory": 9199, "step": 50}
{"base_lr": 3.962697798532355e-06, "lr": 3.962697798532355e-06, "data_time": 0.007602715492248535, "loss": 1.5526303589344024, "decode.loss_ce": 1.5526303589344024, "decode.acc_seg": 27.338665008544922, "time": 0.46533827781677245, "iter": 100, "memory": 7263, "step": 100}
{"base_lr": 5.964030020013346e-06, "lr": 5.964030020013346e-06, "data_time": 0.013854408264160156, "loss": 1.3816598296165465, "decode.loss_ce": 1.3816598296165465, "decode.acc_seg": 76.5848617553711, "time": 0.6399289131164551, "iter": 150, "memory": 7263, "step": 150}
{"base_lr": 7.965362241494336e-06, "lr": 7.965362241494336e-06, "data_time": 0.014416837692260742, "loss": 1.4661123394966125, "decode.loss_ce": 1.4661123394966125, "decode.acc_seg": 39.37950134277344, "time": 0.6564102649688721, "iter": 200, "memory": 7263, "step": 200}
{"aAcc": 39.95, "mIoU": 4.27, "mAcc": 11.19, "mFscore": 10.38, "mPrecision": 10.75, "mRecall": 11.19, "data_time": 0.006671801277079849, "time": 0.09687419305590747, "step": 200}
{"base_lr": 9.96669446297533e-06, "lr": 9.96669446297533e-06, "data_time": 0.013619780540466309, "loss": 1.288711929321289, "decode.loss_ce": 1.288711929321289, "decode.acc_seg": 88.18033599853516, "time": 0.6285439968109131, "iter": 250, "memory": 7264, "step": 250}
{"base_lr": 1.1968026684456319e-05, "lr": 1.1968026684456319e-05, "data_time": 0.013659310340881348, "loss": 1.2258709728717805, "decode.loss_ce": 1.2258709728717805, "decode.acc_seg": 54.55762481689453, "time": 0.639411187171936, "iter": 300, "memory": 7264, "step": 300}
{"base_lr": 1.3969358905937323e-05, "lr": 1.3969358905937323e-05, "data_time": 0.013894319534301758, "loss": 1.1334458768367768, "decode.loss_ce": 1.1334458768367768, "decode.acc_seg": 60.146610260009766, "time": 0.64076247215271, "iter": 350, "memory": 7264, "step": 350}
{"base_lr": 1.597069112741831e-05, "lr": 1.597069112741831e-05, "data_time": 0.013452553749084472, "loss": 0.9517692565917969, "decode.loss_ce": 0.9517692565917969, "decode.acc_seg": 74.61299896240234, "time": 0.6245131254196167, "iter": 400, "memory": 7264, "step": 400}
{"aAcc": 40.46, "mIoU": 4.5, "mAcc": 11.11, "mFscore": 28.81, "mPrecision": 26.18, "mRecall": 11.11, "data_time": 0.0009589631361035082, "time": 0.09030139040784771, "step": 400}
