{"base_lr": 1.9613655770513682e-06, "lr": 1.9613655770513682e-06, "data_time": 0.007982110977172852, "loss": 1.8709862232208252, "decode.loss_ce": 1.8709862232208252, "decode.acc_seg": 29.30126190185547, "time": 0.48044390678405763, "iter": 50, "memory": 9205, "step": 50}
