{"base_lr": 1.9613655770513682e-06, "lr": 1.9613655770513682e-06, "data_time": 0.007111549377441406, "loss": 1.7820980310440064, "decode.loss_ce": 1.7820980310440064, "decode.acc_seg": 41.858482360839844, "time": 0.47052998542785646, "iter": 50, "memory": 9500, "step": 50}
{"base_lr": 3.962697798532355e-06, "lr": 3.962697798532355e-06, "data_time": 0.007361578941345215, "loss": 1.8951639533042908, "decode.loss_ce": 1.8951639533042908, "decode.acc_seg": 31.90620994567871, "time": 0.4746643304824829, "iter": 100, "memory": 8062, "step": 100}
{"base_lr": 5.964030020013346e-06, "lr": 5.964030020013346e-06, "data_time": 0.007260513305664062, "loss": 1.5756322145462036, "decode.loss_ce": 1.5756322145462036, "decode.acc_seg": 50.99525451660156, "time": 0.470989465713501, "iter": 150, "memory": 8062, "step": 150}
{"base_lr": 7.965362241494336e-06, "lr": 7.965362241494336e-06, "data_time": 0.0071574926376342775, "loss": 1.540071964263916, "decode.loss_ce": 1.540071964263916, "decode.acc_seg": 37.85839080810547, "time": 0.47409257888793943, "iter": 200, "memory": 8062, "step": 200}
{"base_lr": 9.96669446297533e-06, "lr": 9.96669446297533e-06, "data_time": 0.0076598644256591795, "loss": 1.40665442943573, "decode.loss_ce": 1.40665442943573, "decode.acc_seg": 63.769588470458984, "time": 0.46776514053344725, "iter": 250, "memory": 8062, "step": 250}
{"base_lr": 1.1968026684456319e-05, "lr": 1.1968026684456319e-05, "data_time": 0.007157158851623535, "loss": 1.328935408592224, "decode.loss_ce": 1.328935408592224, "decode.acc_seg": 37.90569305419922, "time": 0.46826925277709963, "iter": 300, "memory": 8062, "step": 300}
{"base_lr": 1.3969358905937323e-05, "lr": 1.3969358905937323e-05, "data_time": 0.0072048425674438475, "loss": 1.2248917102813721, "decode.loss_ce": 1.2248917102813721, "decode.acc_seg": 54.75196838378906, "time": 0.46774423122406006, "iter": 350, "memory": 8062, "step": 350}
{"base_lr": 1.597069112741831e-05, "lr": 1.597069112741831e-05, "data_time": 0.007519030570983886, "loss": 1.329593789577484, "decode.loss_ce": 1.329593789577484, "decode.acc_seg": 34.82297134399414, "time": 0.4708060026168823, "iter": 400, "memory": 8062, "step": 400}
{"base_lr": 1.797202334889931e-05, "lr": 1.797202334889931e-05, "data_time": 0.0073135137557983395, "loss": 1.131087863445282, "decode.loss_ce": 1.131087863445282, "decode.acc_seg": 45.063690185546875, "time": 0.4743726968765259, "iter": 450, "memory": 8062, "step": 450}
{"base_lr": 1.9973355570380306e-05, "lr": 1.9973355570380306e-05, "data_time": 0.007276558876037597, "loss": 1.595485556125641, "decode.loss_ce": 1.595485556125641, "decode.acc_seg": 65.69290161132812, "time": 0.4703186273574829, "iter": 500, "memory": 8062, "step": 500}
{"base_lr": 2.1974687791861306e-05, "lr": 2.1974687791861306e-05, "data_time": 0.0071293354034423825, "loss": 1.4117575854063034, "decode.loss_ce": 1.4117575854063034, "decode.acc_seg": 44.184364318847656, "time": 0.47100014686584474, "iter": 550, "memory": 8062, "step": 550}
{"base_lr": 2.3976020013342307e-05, "lr": 2.3976020013342307e-05, "data_time": 0.007144045829772949, "loss": 1.2677613168954849, "decode.loss_ce": 1.2677613168954849, "decode.acc_seg": 57.59143829345703, "time": 0.4732076644897461, "iter": 600, "memory": 8062, "step": 600}
{"base_lr": 2.597735223482329e-05, "lr": 2.597735223482329e-05, "data_time": 0.007348823547363281, "loss": 1.2204344749450684, "decode.loss_ce": 1.2204344749450684, "decode.acc_seg": 30.777324676513672, "time": 0.4769304275512695, "iter": 650, "memory": 8062, "step": 650}
{"base_lr": 2.797868445630428e-05, "lr": 2.797868445630428e-05, "data_time": 0.007239484786987304, "loss": 1.408825933933258, "decode.loss_ce": 1.408825933933258, "decode.acc_seg": 57.445526123046875, "time": 0.4705654621124268, "iter": 700, "memory": 8062, "step": 700}
{"base_lr": 2.99800166777853e-05, "lr": 2.99800166777853e-05, "data_time": 0.0071545600891113285, "loss": 1.11568021774292, "decode.loss_ce": 1.11568021774292, "decode.acc_seg": 72.84469604492188, "time": 0.468851900100708, "iter": 750, "memory": 8062, "step": 750}
{"base_lr": 3.1981348899266314e-05, "lr": 3.1981348899266314e-05, "data_time": 0.007846355438232422, "loss": 1.0956166565418244, "decode.loss_ce": 1.0956166565418244, "decode.acc_seg": 68.89400482177734, "time": 0.47240433692932127, "iter": 800, "memory": 8062, "step": 800}
{"base_lr": 3.398268112074729e-05, "lr": 3.398268112074729e-05, "data_time": 0.007146406173706055, "loss": 1.2117913842201233, "decode.loss_ce": 1.2117913842201233, "decode.acc_seg": 56.629703521728516, "time": 0.4738562822341919, "iter": 850, "memory": 8062, "step": 850}
{"base_lr": 3.5984013342228235e-05, "lr": 3.5984013342228235e-05, "data_time": 0.007188963890075684, "loss": 1.4493562787771226, "decode.loss_ce": 1.4493562787771226, "decode.acc_seg": 31.638336181640625, "time": 0.47096619606018064, "iter": 900, "memory": 8062, "step": 900}
{"base_lr": 3.7985345563709256e-05, "lr": 3.7985345563709256e-05, "data_time": 0.0072756528854370115, "loss": 1.3275231719017029, "decode.loss_ce": 1.3275231719017029, "decode.acc_seg": 58.593345642089844, "time": 0.4688701868057251, "iter": 950, "memory": 8062, "step": 950}
{"base_lr": 3.998667778519025e-05, "lr": 3.998667778519025e-05, "data_time": 0.007331490516662598, "loss": 1.3589923322200774, "decode.loss_ce": 1.3589923322200774, "decode.acc_seg": 25.876617431640625, "time": 0.46727237701416013, "iter": 1000, "memory": 8062, "step": 1000}
{"base_lr": 4.198801000667124e-05, "lr": 4.198801000667124e-05, "data_time": 0.007378935813903809, "loss": 1.0644165754318238, "decode.loss_ce": 1.0644165754318238, "decode.acc_seg": 47.146034240722656, "time": 0.47124395370483396, "iter": 1050, "memory": 8062, "step": 1050}
{"base_lr": 4.398934222815225e-05, "lr": 4.398934222815225e-05, "data_time": 0.007154202461242676, "loss": 1.3542587399482726, "decode.loss_ce": 1.3542587399482726, "decode.acc_seg": 53.81927490234375, "time": 0.4767505168914795, "iter": 1100, "memory": 8062, "step": 1100}
{"base_lr": 4.599067444963324e-05, "lr": 4.599067444963324e-05, "data_time": 0.006982779502868653, "loss": 1.1140175819396974, "decode.loss_ce": 1.1140175819396974, "decode.acc_seg": 46.701622009277344, "time": 0.4732555866241455, "iter": 1150, "memory": 8062, "step": 1150}
{"base_lr": 4.7992006671114227e-05, "lr": 4.7992006671114227e-05, "data_time": 0.01271510124206543, "loss": 1.118286168575287, "decode.loss_ce": 1.118286168575287, "decode.acc_seg": 20.85552215576172, "time": 0.6164214849472046, "iter": 1200, "memory": 8062, "step": 1200}
