{"base_lr": 1.9613655770513682e-06, "lr": 1.9613655770513682e-06, "data_time": 0.01943495273590088, "loss": 4.220006084442138, "decode.loss_ce": 4.220006084442138, "decode.acc_seg": 21.20647430419922, "time": 0.5032043933868409, "iter": 50, "memory": 9200, "step": 50}
