{"base_lr": 1.9613655770513682e-06, "lr": 1.9613655770513682e-06, "data_time": 0.008040308952331543, "loss": 2.181710433959961, "decode.loss_ce": 2.181710433959961, "decode.acc_seg": 30.333709716796875, "time": 0.46807687282562255, "iter": 50, "memory": 9205, "step": 50}
{"base_lr": 3.962697798532355e-06, "lr": 3.962697798532355e-06, "data_time": 0.0077855587005615234, "loss": 1.9513736724853517, "decode.loss_ce": 1.9513736724853517, "decode.acc_seg": 13.13971996307373, "time": 0.46519718170166013, "iter": 100, "memory": 7236, "step": 100}
{"base_lr": 5.964030020013346e-06, "lr": 5.964030020013346e-06, "data_time": 0.007903504371643066, "loss": 1.782539474964142, "decode.loss_ce": 1.782539474964142, "decode.acc_seg": 89.08995819091797, "time": 0.4649664878845215, "iter": 150, "memory": 7236, "step": 150}
{"base_lr": 7.965362241494336e-06, "lr": 7.965362241494336e-06, "data_time": 0.007759475708007812, "loss": 1.7774510741233827, "decode.loss_ce": 1.7774510741233827, "decode.acc_seg": 54.23759078979492, "time": 0.4655792713165283, "iter": 200, "memory": 7236, "step": 200}
{"aAcc": 40.36, "mIoU": 5.82, "mAcc": 12.49, "mFscore": 13.11, "mPrecision": 27.1, "mRecall": 12.49, "data_time": 0.006505505039544041, "time": 0.058357396933747495, "step": 200}
{"base_lr": 9.96669446297533e-06, "lr": 9.96669446297533e-06, "data_time": 0.00784456729888916, "loss": 1.7667131185531617, "decode.loss_ce": 1.7667131185531617, "decode.acc_seg": 15.218734741210938, "time": 0.4644726991653442, "iter": 250, "memory": 7236, "step": 250}
{"base_lr": 1.1968026684456319e-05, "lr": 1.1968026684456319e-05, "data_time": 0.007711219787597656, "loss": 1.627714616060257, "decode.loss_ce": 1.627714616060257, "decode.acc_seg": 56.58855438232422, "time": 0.4658600568771362, "iter": 300, "memory": 7235, "step": 300}
