{"base_lr": 1.9613655770513682e-06, "lr": 1.9613655770513682e-06, "data_time": 0.007782363891601562, "loss": 3.518612027168274, "decode.loss_ce": 3.518612027168274, "decode.acc_seg": 53.12898635864258, "time": 0.5732739925384521, "iter": 50, "memory": 8852, "step": 50}
{"aAcc": 10.98, "mIoU": 3.76, "mAcc": 9.4, "mFscore": 6.99, "mPrecision": 14.15, "mRecall": 9.4, "data_time": 0.006199683796800391, "time": 0.07564794277820212, "step": 50}
{"base_lr": 3.962697798532355e-06, "lr": 3.962697798532355e-06, "data_time": 0.008072710037231446, "loss": 3.598524832725525, "decode.loss_ce": 3.598524832725525, "decode.acc_seg": 29.926488876342773, "time": 0.5822318315505981, "iter": 100, "memory": 7988, "step": 100}
{"aAcc": 22.15, "mIoU": 5.99, "mAcc": 11.01, "mFscore": 11.11, "mPrecision": 12.73, "mRecall": 11.01, "data_time": 0.0007435104113497341, "time": 0.06613642846826162, "step": 100}
{"base_lr": 5.964030020013346e-06, "lr": 5.964030020013346e-06, "data_time": 0.008072876930236816, "loss": 3.334827256202698, "decode.loss_ce": 3.334827256202698, "decode.acc_seg": 59.268760681152344, "time": 0.5932104349136352, "iter": 150, "memory": 7988, "step": 150}
{"aAcc": 40.09, "mIoU": 10.01, "mAcc": 15.99, "mFscore": 15.92, "mPrecision": 16.35, "mRecall": 15.99, "data_time": 0.0007875203545672012, "time": 0.0682899202258859, "step": 150}
{"base_lr": 7.965362241494336e-06, "lr": 7.965362241494336e-06, "data_time": 0.00847320556640625, "loss": 2.8922066569328306, "decode.loss_ce": 2.8922066569328306, "decode.acc_seg": 34.01802444458008, "time": 0.5789447784423828, "iter": 200, "memory": 7988, "step": 200}
{"aAcc": 40.42, "mIoU": 5.56, "mAcc": 11.6, "mFscore": 13.35, "mPrecision": 15.57, "mRecall": 11.6, "data_time": 0.0007282031456449224, "time": 0.06703495150340477, "step": 200}
{"base_lr": 9.96669446297533e-06, "lr": 9.96669446297533e-06, "data_time": 0.008216476440429688, "loss": 2.9570745706558226, "decode.loss_ce": 2.9570745706558226, "decode.acc_seg": 74.71049499511719, "time": 0.5828067541122437, "iter": 250, "memory": 7988, "step": 250}
