{"base_lr": 1.9613655770513682e-06, "lr": 1.9613655770513682e-06, "data_time": 0.00822603702545166, "loss": 3.8132087707519533, "decode.loss_ce": 3.8132087707519533, "decode.acc_seg": 20.06359100341797, "time": 0.4536534547805786, "iter": 50, "memory": 9200, "step": 50}
{"aAcc": 19.99, "mIoU": 3.93, "mAcc": 8.46, "mFscore": 7.64, "mPrecision": 8.42, "mRecall": 8.46, "data_time": 0.006308619445823865, "time": 0.05978776557362567, "step": 50}
{"base_lr": 3.962697798532355e-06, "lr": 3.962697798532355e-06, "data_time": 0.008173322677612305, "loss": 3.4996129512786864, "decode.loss_ce": 3.4996129512786864, "decode.acc_seg": 22.595787048339844, "time": 0.46020309925079345, "iter": 100, "memory": 7211, "step": 100}
