{"base_lr": 1.9613655770513682e-06, "lr": 1.9613655770513682e-06, "data_time": 0.007890987396240234, "loss": 4.1200545072555546, "decode.loss_ce": 4.1200545072555546, "decode.acc_seg": 47.38002014160156, "time": 0.4538081407546997, "iter": 50, "memory": 9201, "step": 50}
{"base_lr": 3.962697798532355e-06, "lr": 3.962697798532355e-06, "data_time": 0.007695722579956055, "loss": 3.37805038690567, "decode.loss_ce": 3.37805038690567, "decode.acc_seg": 42.24058151245117, "time": 0.4509019613265991, "iter": 100, "memory": 7211, "step": 100}
{"base_lr": 5.964030020013346e-06, "lr": 5.964030020013346e-06, "data_time": 0.0077399730682373045, "loss": 3.1130404233932496, "decode.loss_ce": 3.1130404233932496, "decode.acc_seg": 31.759929656982422, "time": 0.45020432472229005, "iter": 150, "memory": 7211, "step": 150}
{"base_lr": 7.965362241494336e-06, "lr": 7.965362241494336e-06, "data_time": 0.008074355125427247, "loss": 3.2006099462509154, "decode.loss_ce": 3.2006099462509154, "decode.acc_seg": 54.633785247802734, "time": 0.45029802322387696, "iter": 200, "memory": 7211, "step": 200}
{"aAcc": 38.57, "mIoU": 5.14, "mAcc": 11.63, "mFscore": 11.08, "mPrecision": 12.35, "mRecall": 11.63, "data_time": 0.006119330964542914, "time": 0.05761408084459636, "step": 200}
{"base_lr": 9.96669446297533e-06, "lr": 9.96669446297533e-06, "data_time": 0.007671475410461426, "loss": 3.092735105752945, "decode.loss_ce": 3.092735105752945, "decode.acc_seg": 49.93247985839844, "time": 0.45272250175476075, "iter": 250, "memory": 7212, "step": 250}
