{"base_lr": 1.9613655770513682e-06, "lr": 1.9613655770513682e-06, "data_time": 0.00829300880432129, "loss": 2.0925326347351074, "decode.loss_ce": 2.0925326347351074, "decode.acc_seg": 53.89466094970703, "time": 1.7441157579421998, "iter": 50, "memory": 9796, "step": 50}
{"aAcc": 31.37, "mIoU": 5.34, "mAcc": 11.13, "mFscore": 9.57, "mPrecision": 11.38, "mRecall": 11.13, "data_time": 0.006713471686785953, "time": 0.08541697994122527, "step": 50}
