{"base_lr": 1.9613655770513682e-06, "lr": 1.9613655770513682e-06, "data_time": 0.007692480087280273, "loss": 3.9890428304672243, "decode.loss_ce": 3.9890428304672243, "decode.acc_seg": 37.83130645751953, "time": 0.5873825550079346, "iter": 50, "memory": 8899, "step": 50}
{"aAcc": 6.09, "mIoU": 2.75, "mAcc": 6.78, "mFscore": 5.25, "mPrecision": 11.27, "mRecall": 6.78, "data_time": 0.006128944715825945, "time": 0.07114463278096671, "step": 50}
{"base_lr": 3.962697798532355e-06, "lr": 3.962697798532355e-06, "data_time": 0.0076568603515625, "loss": 3.556325578689575, "decode.loss_ce": 3.556325578689575, "decode.acc_seg": 33.912086486816406, "time": 0.5817311048507691, "iter": 100, "memory": 7860, "step": 100}
{"aAcc": 34.36, "mIoU": 8.18, "mAcc": 13.89, "mFscore": 12.67, "mPrecision": 12.98, "mRecall": 13.89, "data_time": 0.0006692672622807532, "time": 0.06545035404773346, "step": 100}
{"base_lr": 5.964030020013346e-06, "lr": 5.964030020013346e-06, "data_time": 0.008071613311767579, "loss": 2.9023135781288145, "decode.loss_ce": 2.9023135781288145, "decode.acc_seg": 45.67577362060547, "time": 0.5847087383270264, "iter": 150, "memory": 7856, "step": 150}
