{"base_lr": 1.9613655770513682e-06, "lr": 1.9613655770513682e-06, "data_time": 0.007497525215148926, "loss": 1.5711519479751588, "decode.loss_ce": 1.5711519479751588, "decode.acc_seg": 58.07434844970703, "time": 0.4550702810287476, "iter": 50, "memory": 9194, "step": 50}
{"base_lr": 3.962697798532355e-06, "lr": 3.962697798532355e-06, "data_time": 0.007968902587890625, "loss": 1.4376053392887116, "decode.loss_ce": 1.4376053392887116, "decode.acc_seg": 40.40184020996094, "time": 0.4642908573150635, "iter": 100, "memory": 7244, "step": 100}
{"base_lr": 5.964030020013346e-06, "lr": 5.964030020013346e-06, "data_time": 0.00786745548248291, "loss": 1.266061580181122, "decode.loss_ce": 1.266061580181122, "decode.acc_seg": 29.161056518554688, "time": 0.4623423099517822, "iter": 150, "memory": 7244, "step": 150}
{"base_lr": 7.965362241494336e-06, "lr": 7.965362241494336e-06, "data_time": 0.008025407791137695, "loss": 1.3349412441253663, "decode.loss_ce": 1.3349412441253663, "decode.acc_seg": 35.084598541259766, "time": 0.4709077119827271, "iter": 200, "memory": 7244, "step": 200}
{"aAcc": 36.28, "mIoU": 4.2, "mAcc": 10.49, "mFscore": 9.02, "mPrecision": 12.59, "mRecall": 10.49, "data_time": 0.0063401099953817345, "time": 0.058548019801614504, "step": 200}
{"base_lr": 9.96669446297533e-06, "lr": 9.96669446297533e-06, "data_time": 0.008188939094543457, "loss": 1.344080889225006, "decode.loss_ce": 1.344080889225006, "decode.acc_seg": 36.014747619628906, "time": 0.4558890342712402, "iter": 250, "memory": 7242, "step": 250}
