{"base_lr": 1.9613655770513682e-06, "lr": 1.9613655770513682e-06, "data_time": 0.007923769950866699, "loss": 1.6515304923057557, "decode.loss_ce": 1.6515304923057557, "decode.acc_seg": 17.124147415161133, "time": 0.45608367919921877, "iter": 50, "memory": 7333, "step": 50}
{"base_lr": 3.962697798532355e-06, "lr": 3.962697798532355e-06, "data_time": 0.0077102422714233395, "loss": 2.022498440742493, "decode.loss_ce": 2.022498440742493, "decode.acc_seg": 39.12830352783203, "time": 0.4539318323135376, "iter": 100, "memory": 6754, "step": 100}
