{"base_lr": 1.9613655770513682e-06, "lr": 1.9613655770513682e-06, "data_time": 0.00777122974395752, "loss": 1.7672462463378906, "decode.loss_ce": 1.7672462463378906, "decode.acc_seg": 36.669158935546875, "time": 0.472684645652771, "iter": 50, "memory": 9196, "step": 50}
{"base_lr": 3.962697798532355e-06, "lr": 3.962697798532355e-06, "data_time": 0.007880258560180663, "loss": 1.6972579479217529, "decode.loss_ce": 1.6972579479217529, "decode.acc_seg": 69.75238037109375, "time": 0.46582052707672117, "iter": 100, "memory": 7273, "step": 100}
{"base_lr": 5.964030020013346e-06, "lr": 5.964030020013346e-06, "data_time": 0.007894015312194825, "loss": 1.5036451935768127, "decode.loss_ce": 1.5036451935768127, "decode.acc_seg": 77.04861450195312, "time": 0.4764821767807007, "iter": 150, "memory": 7273, "step": 150}
{"base_lr": 7.965362241494336e-06, "lr": 7.965362241494336e-06, "data_time": 0.007806634902954102, "loss": 1.325197947025299, "decode.loss_ce": 1.325197947025299, "decode.acc_seg": 31.72200584411621, "time": 0.46435370445251467, "iter": 200, "memory": 7273, "step": 200}
{"aAcc": 52.08, "mIoU": 15.92, "mAcc": 26.18, "mFscore": 28.86, "mPrecision": 44.85, "mRecall": 26.18, "data_time": 0.0061327009807015335, "time": 0.0577717007739461, "step": 200}
{"base_lr": 9.96669446297533e-06, "lr": 9.96669446297533e-06, "data_time": 0.007537460327148438, "loss": 1.162410807609558, "decode.loss_ce": 1.162410807609558, "decode.acc_seg": 40.106201171875, "time": 0.4745152950286865, "iter": 250, "memory": 7269, "step": 250}
{"base_lr": 1.1968026684456319e-05, "lr": 1.1968026684456319e-05, "data_time": 0.007806015014648437, "loss": 1.4198218941688538, "decode.loss_ce": 1.4198218941688538, "decode.acc_seg": 39.403343200683594, "time": 0.4707779407501221, "iter": 300, "memory": 7269, "step": 300}
{"base_lr": 1.3969358905937323e-05, "lr": 1.3969358905937323e-05, "data_time": 0.00852813720703125, "loss": 1.3914726853370667, "decode.loss_ce": 1.3914726853370667, "decode.acc_seg": 63.9755859375, "time": 0.4761852025985718, "iter": 350, "memory": 7269, "step": 350}
{"base_lr": 1.597069112741831e-05, "lr": 1.597069112741831e-05, "data_time": 0.00802001953125, "loss": 1.360897421836853, "decode.loss_ce": 1.360897421836853, "decode.acc_seg": 10.356330871582031, "time": 0.47026567459106444, "iter": 400, "memory": 7269, "step": 400}
{"aAcc": 54.23, "mIoU": 20.05, "mAcc": 33.38, "mFscore": 50.68, "mPrecision": 44.5, "mRecall": 33.38, "data_time": 0.0007173874480924368, "time": 0.0530946092540715, "step": 400}
{"base_lr": 1.797202334889931e-05, "lr": 1.797202334889931e-05, "data_time": 0.008408379554748536, "loss": 0.9527687311172486, "decode.loss_ce": 0.9527687311172486, "decode.acc_seg": 59.835567474365234, "time": 0.4823063135147095, "iter": 450, "memory": 7269, "step": 450}
{"base_lr": 1.9973355570380306e-05, "lr": 1.9973355570380306e-05, "data_time": 0.009272170066833497, "loss": 1.30194149017334, "decode.loss_ce": 1.30194149017334, "decode.acc_seg": 83.05015563964844, "time": 0.48194494247436526, "iter": 500, "memory": 7269, "step": 500}
{"base_lr": 2.1974687791861306e-05, "lr": 2.1974687791861306e-05, "data_time": 0.008056163787841797, "loss": 0.9993541568517685, "decode.loss_ce": 0.9993541568517685, "decode.acc_seg": 26.818939208984375, "time": 0.4642983913421631, "iter": 550, "memory": 7269, "step": 550}
