{"base_lr": 1.9613655770513682e-06, "lr": 1.9613655770513682e-06, "data_time": 0.02013993263244629, "loss": 4.115127825737, "decode.loss_ce": 4.115127825737, "decode.acc_seg": 23.297882080078125, "time": 0.5035310506820678, "iter": 50, "memory": 9193, "step": 50}
