{"base_lr": 1.9613655770513682e-06, "lr": 1.9613655770513682e-06, "data_time": 0.008173298835754395, "loss": 1.614716100692749, "decode.loss_ce": 1.614716100692749, "decode.acc_seg": 20.602989196777344, "time": 0.38429861068725585, "iter": 50, "memory": 7498, "step": 50}
{"base_lr": 3.962697798532355e-06, "lr": 3.962697798532355e-06, "data_time": 0.007870030403137208, "loss": 1.994258201122284, "decode.loss_ce": 1.994258201122284, "decode.acc_seg": 11.532402038574219, "time": 0.38096859455108645, "iter": 100, "memory": 6246, "step": 100}
{"base_lr": 5.964030020013346e-06, "lr": 5.964030020013346e-06, "data_time": 0.007874894142150878, "loss": 1.681786572933197, "decode.loss_ce": 1.681786572933197, "decode.acc_seg": 69.16446685791016, "time": 0.3813967227935791, "iter": 150, "memory": 6246, "step": 150}
{"base_lr": 7.965362241494336e-06, "lr": 7.965362241494336e-06, "data_time": 0.007926368713378906, "loss": 1.8944270849227904, "decode.loss_ce": 1.8944270849227904, "decode.acc_seg": 43.4600830078125, "time": 0.37831459045410154, "iter": 200, "memory": 6246, "step": 200}
{"base_lr": 9.96669446297533e-06, "lr": 9.96669446297533e-06, "data_time": 0.007987642288208007, "loss": 1.545709455013275, "decode.loss_ce": 1.545709455013275, "decode.acc_seg": 53.051422119140625, "time": 0.379817533493042, "iter": 250, "memory": 6246, "step": 250}
{"base_lr": 1.1968026684456319e-05, "lr": 1.1968026684456319e-05, "data_time": 0.00797429084777832, "loss": 1.682665604352951, "decode.loss_ce": 1.682665604352951, "decode.acc_seg": 51.85865020751953, "time": 0.38589355945587156, "iter": 300, "memory": 6246, "step": 300}
{"base_lr": 1.3969358905937323e-05, "lr": 1.3969358905937323e-05, "data_time": 0.007873630523681641, "loss": 1.3598660469055175, "decode.loss_ce": 1.3598660469055175, "decode.acc_seg": 83.5103988647461, "time": 0.38029415607452394, "iter": 350, "memory": 6246, "step": 350}
{"base_lr": 1.597069112741831e-05, "lr": 1.597069112741831e-05, "data_time": 0.007676315307617187, "loss": 1.423310074210167, "decode.loss_ce": 1.423310074210167, "decode.acc_seg": 73.36145782470703, "time": 0.3897642374038696, "iter": 400, "memory": 6246, "step": 400}
{"base_lr": 1.797202334889931e-05, "lr": 1.797202334889931e-05, "data_time": 0.00787348747253418, "loss": 1.5859562039375306, "decode.loss_ce": 1.5859562039375306, "decode.acc_seg": 65.0926513671875, "time": 0.37776718139648435, "iter": 450, "memory": 6246, "step": 450}
{"base_lr": 1.9973355570380306e-05, "lr": 1.9973355570380306e-05, "data_time": 0.00817277431488037, "loss": 1.0306195795536042, "decode.loss_ce": 1.0306195795536042, "decode.acc_seg": 29.396011352539062, "time": 0.38527092933654783, "iter": 500, "memory": 6246, "step": 500}
{"base_lr": 2.1974687791861306e-05, "lr": 2.1974687791861306e-05, "data_time": 0.007774043083190918, "loss": 1.3062544465065002, "decode.loss_ce": 1.3062544465065002, "decode.acc_seg": 21.36688232421875, "time": 0.3804274082183838, "iter": 550, "memory": 6246, "step": 550}
{"base_lr": 2.3976020013342307e-05, "lr": 2.3976020013342307e-05, "data_time": 0.0076751708984375, "loss": 1.283581680059433, "decode.loss_ce": 1.283581680059433, "decode.acc_seg": 20.32948112487793, "time": 0.3798484802246094, "iter": 600, "memory": 6246, "step": 600}
{"base_lr": 2.597735223482329e-05, "lr": 2.597735223482329e-05, "data_time": 0.007874536514282226, "loss": 1.2981164932250977, "decode.loss_ce": 1.2981164932250977, "decode.acc_seg": 26.264190673828125, "time": 0.38090968132019043, "iter": 650, "memory": 6246, "step": 650}
{"base_lr": 2.797868445630428e-05, "lr": 2.797868445630428e-05, "data_time": 0.007773041725158691, "loss": 1.1565490663051605, "decode.loss_ce": 1.1565490663051605, "decode.acc_seg": 78.75755310058594, "time": 0.3806454658508301, "iter": 700, "memory": 6246, "step": 700}
{"base_lr": 2.99800166777853e-05, "lr": 2.99800166777853e-05, "data_time": 0.00782623291015625, "loss": 1.3254729628562927, "decode.loss_ce": 1.3254729628562927, "decode.acc_seg": 27.83832550048828, "time": 0.3796560764312744, "iter": 750, "memory": 6246, "step": 750}
{"base_lr": 3.1981348899266314e-05, "lr": 3.1981348899266314e-05, "data_time": 0.007773637771606445, "loss": 1.0975510716438293, "decode.loss_ce": 1.0975510716438293, "decode.acc_seg": 57.01484680175781, "time": 0.3814538955688477, "iter": 800, "memory": 6246, "step": 800}
{"base_lr": 3.398268112074729e-05, "lr": 3.398268112074729e-05, "data_time": 0.007868051528930664, "loss": 1.1547097384929657, "decode.loss_ce": 1.1547097384929657, "decode.acc_seg": 39.459991455078125, "time": 0.3802781343460083, "iter": 850, "memory": 6246, "step": 850}
{"base_lr": 3.5984013342228235e-05, "lr": 3.5984013342228235e-05, "data_time": 0.0077745914459228516, "loss": 0.9670737326145172, "decode.loss_ce": 0.9670737326145172, "decode.acc_seg": 66.1703109741211, "time": 0.3840651273727417, "iter": 900, "memory": 6246, "step": 900}
{"base_lr": 3.7985345563709256e-05, "lr": 3.7985345563709256e-05, "data_time": 0.00777435302734375, "loss": 0.8340061634778977, "decode.loss_ce": 0.8340061634778977, "decode.acc_seg": 75.10051727294922, "time": 0.3787654638290405, "iter": 950, "memory": 6246, "step": 950}
{"base_lr": 3.998667778519025e-05, "lr": 3.998667778519025e-05, "data_time": 0.007674860954284668, "loss": 1.022442926466465, "decode.loss_ce": 1.022442926466465, "decode.acc_seg": 27.433013916015625, "time": 0.3804105997085571, "iter": 1000, "memory": 6246, "step": 1000}
{"base_lr": 4.198801000667124e-05, "lr": 4.198801000667124e-05, "data_time": 0.008073210716247559, "loss": 0.8566884994506836, "decode.loss_ce": 0.8566884994506836, "decode.acc_seg": 56.125850677490234, "time": 0.38259086608886717, "iter": 1050, "memory": 6246, "step": 1050}
{"base_lr": 4.398934222815225e-05, "lr": 4.398934222815225e-05, "data_time": 0.007874250411987305, "loss": 1.0977472335100174, "decode.loss_ce": 1.0977472335100174, "decode.acc_seg": 67.292724609375, "time": 0.3798210144042969, "iter": 1100, "memory": 6246, "step": 1100}
{"base_lr": 4.599067444963324e-05, "lr": 4.599067444963324e-05, "data_time": 0.007576084136962891, "loss": 0.9524764835834503, "decode.loss_ce": 0.9524764835834503, "decode.acc_seg": 75.25891876220703, "time": 0.373107385635376, "iter": 1150, "memory": 6246, "step": 1150}
{"base_lr": 4.7992006671114227e-05, "lr": 4.7992006671114227e-05, "data_time": 0.007570052146911621, "loss": 1.0618475317955016, "decode.loss_ce": 1.0618475317955016, "decode.acc_seg": 32.521629333496094, "time": 0.38130033016204834, "iter": 1200, "memory": 6246, "step": 1200}
{"base_lr": 4.999333889259521e-05, "lr": 4.999333889259521e-05, "data_time": 0.007872772216796876, "loss": 1.2351531267166138, "decode.loss_ce": 1.2351531267166138, "decode.acc_seg": 82.7047348022461, "time": 0.3813159942626953, "iter": 1250, "memory": 6246, "step": 1250}
{"base_lr": 5.199467111407618e-05, "lr": 5.199467111407618e-05, "data_time": 0.007675528526306152, "loss": 1.0902932405471801, "decode.loss_ce": 1.0902932405471801, "decode.acc_seg": 64.84203338623047, "time": 0.3784149169921875, "iter": 1300, "memory": 6246, "step": 1300}
{"base_lr": 5.399600333555716e-05, "lr": 5.399600333555716e-05, "data_time": 0.007674860954284668, "loss": 0.9608921766281128, "decode.loss_ce": 0.9608921766281128, "decode.acc_seg": 49.114036560058594, "time": 0.3808607578277588, "iter": 1350, "memory": 6246, "step": 1350}
{"base_lr": 5.599733555703817e-05, "lr": 5.599733555703817e-05, "data_time": 0.007874417304992675, "loss": 0.9839576482772827, "decode.loss_ce": 0.9839576482772827, "decode.acc_seg": 57.234764099121094, "time": 0.38213958740234377, "iter": 1400, "memory": 6246, "step": 1400}
{"base_lr": 5.799866777851912e-05, "lr": 5.799866777851912e-05, "data_time": 0.007673573493957519, "loss": 1.0399803817272186, "decode.loss_ce": 1.0399803817272186, "decode.acc_seg": 65.77625274658203, "time": 0.38002834320068357, "iter": 1450, "memory": 6246, "step": 1450}
{"base_lr": 6.000000000000008e-05, "lr": 6.000000000000008e-05,