{"base_lr": 1.9613655770513682e-06, "lr": 1.9613655770513682e-06, "data_time": 0.008119583129882812, "loss": 4.127946591377258, "decode.loss_ce": 4.127946591377258, "decode.acc_seg": 23.778594970703125, "time": 0.45563464164733886, "iter": 50, "memory": 9202, "step": 50}
{"aAcc": 12.14, "mIoU": 4.15, "mAcc": 12.0, "mFscore": 7.51, "mPrecision": 9.22, "mRecall": 12.0, "data_time": 0.006405708829501753, "time": 0.059156049758691834, "step": 50}
{"base_lr": 3.962697798532355e-06, "lr": 3.962697798532355e-06, "data_time": 0.007971787452697754, "loss": 3.359599030017853, "decode.loss_ce": 3.359599030017853, "decode.acc_seg": 23.364843368530273, "time": 0.4554733753204346, "iter": 100, "memory": 7221, "step": 100}
