{"base_lr": 1.9613655770513682e-06, "lr": 1.9613655770513682e-06, "data_time": 0.007911491394042968, "loss": 4.020783734321594, "decode.loss_ce": 4.020783734321594, "decode.acc_seg": 39.235755920410156, "time": 0.457248854637146, "iter": 50, "memory": 9191, "step": 50}
{"aAcc": 23.38, "mIoU": 5.97, "mAcc": 13.64, "mFscore": 11.04, "mPrecision": 12.68, "mRecall": 13.64, "data_time": 0.006168351231111881, "time": 0.05797122376048078, "step": 50}
